CONVID0000001,"*A:	Right. 200460_200690
*B:	and I . 201140_201610
*B:	I already got another &=yelling apartment . 201950_203290
%com:	there are background noises throughout this conversation but they
	in no way interfere with the speakers
*B:	for when I move out &=bang . 203880_204930
*A:	oh you did. 205210_205610
*B:	yeah. 205780_206050
*A:	Where? 206410_206720
*B:	&=lipsmack it's on the corner of Columbia and Cole. 206830_209640
*A:	uhhuh. 210130_210500
*B:	and it's a one bedroom and . 210850_212500
*B:	so I had to put down like a deposit and &um . 213050_215590
*B:	you know and pay the rent for it so I could hold it. 216580_218860
*A:	mhm. 219150_219560
*B:	but that's okay. 219880_220680
*A:	oh good. 221170_221700
*B:	Then I won't have to, you know how . 222230_223770
*B:	all the people are looking for houses now. 224030_225880
*A:	yeah. 226170_226550
*A:	yeah, I'm sure they are. 228350_229280
*A:	well that's good. 231120_231860
*A:	well, so what have you been doing other than work? 232940_234840
*B:	um . 234970_235470
*B:	&=static . 235990_236210
*B:	Not really much of anything &=laughs &=squeak . 236510_238000
*B:	um . 238620_238960
*B:	I usually I just come home from work and like stay home . 239420_242260
*B:	&=static . 242480_242640
*A:	&=laughs . 242840_243360
*B:	and . 243490_243760
*B:	e- I don't know.
*B:	I haven't done much. 244030_245450
*A:	uhhuh. 246230_246600
*B:	&=coughing We went to Santa_Fe yesterday . 246410_248570
*A:	oh yeah. 248870_249280
*B:	you know me and Henry. 249470_250380
*A:	Well that's cool. 251290_251910
*B:	yeah but otherwise . 252660_253630
*B:	it's been a kind of boring summer. 254180_255490
*A:	mhm. 255940_256340
*B:	Like nobody's here.
*B:	Just like Henry and Leroy . 256739_259170
*A:	yeah. 259620_259959
*A:	yeah it's been boring for me too. 261290_262650
*A:	but . 264540_264750
*A:	at least I'm saving money I guess. 265530_266760
*B:	yeah when are you coming back? 267160_268200
*A:	The nineteenth. 268780_269430
*B:	oh . 269740_269960
*B:	When does school start? 270530_271290
*A:	The twenty second. 271740_272510
*B:	oh okay. 272670_273270
*B:	&=laughs . 273460_274010
*A:	&=laughs . 273990_274790
*B:	I don't even know.
*B:	I just knew it was around the twentieth. 274280_276620
*A:	yeah. 277380_277690
*A:	I think it's the twenty second. 278470_279630
*B:	mhm. 280010_280360
*A:	but . 281080_281360
*A:	yeah . 282840_283340
*B:	Have you talked to Lee? 284140_284880
*A:	um yes.
*A:	I haven't talked to him since I think like Tuesday. 286120_290160
*B:	mm. 290390_290880
*A:	but he's coming back to Albequerque tomorrow. 291020_292710
*B:	oh he is. 293110_293680
*A:	yeah. 293750_294190
*B:	I thought he was going to Philadelphia. 294130_295630
*A:	No. 296180_296730
*A:	No h-. 296940_297380
*A:	he doesn't have the money. 297620_298660
*B:	oh okay. 298870_299460
*A:	and then I couldn't get off work . 299410_300950
*B:	oh. 301350_301720
*A:	so if he came then . 301860_303010
*A:	like I would still have to go to work. 303310_304740
*B:	oh okay. 304880_305500
*A:	so we decided that that was a waste. 305610_307020
*B:	Because when you went . 307290_307940
*B:	to Oregon he told me that he was . 308160_309700
*B:	he wasn't going to be back until like August because he was going
	to like visit you. 309870_314080
*A:	yeah. 314870_315260
*A:	yeah that was originally the plan but . 316750_318560
*A:	then like apparently my mom agreed +/. 319250_321500
*B:	oh . 319520_319630
*A:	+, that I would work for this place for exactly three months. 321690_324360
*B:	&=laughs . 324530_325190
*A:	Like and I didn't know that &=laughs . 325060_326590
*B:	mm &=static . 326440_327000
*A:	&=laughs . 326880_327010
*A:	so I'm required to work until the sixteenth. 327680_329620
*B:	&=lipsmack oh . 330040_330570
*A:	so . 331780_332190
*A:	&=pop it's kind_of a bummer. 333390_334320
*B:	Well that suc-. 334710_335250
*B:	Are you . 335740_335990
*B:	you guys are staying in the house right? 336200_337620
*B:	ca-. 337920_338100
*A:	yeah. 337950_338230
*B:	yeah . 338370_338680
*B:	That's what Lee said.
*B:	I forgot . 338860_340230
*A:	yeah. 339940_340270
*B:	but who's going to live with you? 340810_341860
*A:	I don't know. 342340_342940
*A:	I was hoping it was going to be you. 343470_344740
*B:	oh . 345240_345770
*A:	but . 345810_346060
*A:	&=laughs . 346290_346750
*B:	oh well . 347210_347660
*A:	&=laughs . 347890_348310
*B:	Lee said that that you guys wanted to try to live by yourself. 347980_350960
*A:	No that's what he wanted &=laughs . 351330_353500
*B:	oh okay &=breath . 352780_353550
*B:	because he told me because he told me you know that you guys . 353660_355810
*A:	that was . 353690_354020
*B:	because Suzy was moving out and then he said . 356100_357940
*B:	if I w- if I needed a place to stay I could stay there . 358470_361170
*B:	but you guys had wanted to like try and live . 361480_363660
*B:	just you two. 364000_364730
*A:	oh.
*A:	Well that wa- that was his plan.
*A:	and I said to him no, I want to live with Stephanie &=laughs . 365240_369460
*A:	&=laughs . 369710_369960
*B:	oh really.
*B:	I didn't know that.
*B:	I wouldn't have gotten like my apartment and . 370010_373170
*A:	oh really &=breath . 373080_373720
*B:	yeah . 373940_374490
*A:	oh . 374810_375400
*A:	I'm sorry.
*A:	We'll blame him. 376270_377420
*B:	&=voice . 377770_378170
*A:	&=laughs . 378380_379050
*A:	Maybe you could get your money back now &=laughs . 379330_380910
*B:	I don't know.
*B:	I mean if &=coughing . 381280_382280
*B:	it's a month to month lease, so I'm sure . 382410_384410
*A:	oh really. 384530_384960
*B:	yeah. 385070_385400
*A:	How much? 385780_386330
*B:	but I d-. 385850_386220
*B:	It's two ninety five a month. 386700_388130
*A:	mhm. 388380_388790
*B:	Which is pretty good. 389690_390470
*A:	yeah that's good for a one bedroom. 390710_392150
*B:	yeah . 391920_392100
*B:	I might . 392420_392890
*B:	I don't know, I think that I want to live by myself xxx . 393140_395180
*A:	yeah. 395510_395880
*A:	Well you've wanted that for a while. 396090_397570
*B:	yeah. 397800_398160
*B:	so . 398380_398530
*B:	Now that I have, but I didn't, I wouldn't have done that . 399500_402020
*B:	if I would have known it was like definite that you wanted me to
	live with you &=laughs . 402330_405700
*A:	&=laughs . 405530_406230
*B:	&=breath . 406110_406850
*A:	&=static . 406910_407180
*B:	&=lipsmack . 407240_407330
*A:	Well th- but I said to him, I don't know if Stephanie could live
	with me because I'm such a slob &=laughs . 407360_410960
*B:	&=laughs . 411070_411510
*A:	&=laughs . 411190_411300
*B:	oh . 412390_412810
*A:	&=laughs . 412960_413240
*B:	I can't live with with Henry and Leroy because they're slobs and
	they're . 413870_416690
*B:	and they don't listen to me. 417570_418520
*A:	yeah see I thought you w- you might have like gotten used to living
	with slobs +/. 418840_422050
*B:	oh . 422250_422650
*A:	+, since they were. 422780_423900
*B:	&=laughs . 422820_423360
*A:	&=laughs . 424160_424410
*B:	Well no it's just that they like I mean I'm sure you would respect
	my like cleanliness.
*B:	but they don't. 424250_429220
*B:	xxx . 429440_429660
*A:	yeah. 429460_429780
*A:	No I I try and keep it all in my room. 430310_432040
*B:	&=laughs . 432240_433020
*A:	&=laughs . 432810_433450
*A:	&=laughs . 434060_434250
*A:	&=breath . 434880_435210
*A:	but . 436220_436450
*B:	mm what is Ann going to do? 437540_439030
*A:	&=ping . 439580_439710
*A:	um . 440130_440740
*A:	I don't know. 441020_442020
*A:	but I know that she won't live with me because I hate John. 442650_445360
*B:	oh, I forgot about him. 446500_448190
*A:	yeah. 448230_448620
*A:	That's that was like the last thing she said to me before I left
	&=laughs . 448840_451440
*B:	oh. 451880_452140
*A:	&=static . 452250_452450
*A:	was that we could never live together because of him. 452680_454580
*B:	&=static . 455050_455690
*A:	Which is fine by me. 455090_456240
*B:	yeah. 456650_456980
*A:	Because you know when he comes he comes for like three weeks. 457080_459480
*B:	yeah. 459670_460010
*A:	and I would just go insane. 460220_461570
*B:	yeah. 463550_464100
*A:	hm so I I really hate him &=laughs . 464440_466640
*B:	&=static . 466090_466460
*B:	&=breath I had to- I had totally forgot about him.
*B:	I guess I k- sort of like blocked him out &=laughs . 466850_471060
*A:	&=laughs I I think most people do. 470940_473510
*B:	&=static . 471510_471740
*B:	&=laughs . 472930_474110
*A:	&=laughs . 473780_474070
*B:	&=lipsmack . 474500_474690
*A:	&=laughs . 474570_474740
*A:	&=laughs . 475310_475610
*A:	but . 477110_477350
*A:	yeah . 478350_478710
*A:	so . 480050_480420
*A:	That's kind of that. 481160_482170
*A:	but it's weird.
*A:	I haven't heard from her all summer. 482870_484620
*B:	&=coughing really? 484600_485460
*A:	yeah I wrote her . 485650_486410
*A:	but she didn't write back. 486580_487360
*B:	mm. 487750_487970
*A:	but her birthday is Thursday so I should probably call. 488400_490610
*A:	&=lipsmack I think. 492880_493550
*A:	I don't know. 494960_495460
*B:	Have you talked to Nettie? 496500_497370
*A:	No. 498170_498690
*B:	mm. 499000_499280
*A:	No I haven't. 499830_500510
*B:	w- we played pool with them like on Saturday night. 501210_503980
*A:	uhhuh. 504420_504760
*B:	with her and Anders . 504850_506130
*B:	and some guy named Mica. 506720_508100
*A:	oh that's oh I know him.
*A:	He's my my friend Medea's brother. 509230_512250
*B:	xxx . 510590_510720
*B:	oh that's Medea's brother? 513190_514360
*A:	yeah. 514419_514840
*B:	oh wow. 515030_515700
*A:	yeah. 516020_516310
*B:	They don't look like each other. 516050_517080
*A:	I've a- I've actu-. 517890_518700
*A:	h- I don't know if I've ever, I've only seen him from afar. 518919_521330
*B:	oh.
*B:	He looks like John Travolta but he has like curly blond hair. 521490_524950
*A:	oh really &=laughs . 525240_525880
*B:	yeah. 525790_526130
*A:	He's supposed to be pretty cool. 526850_527930
*B:	yeah he is.
*B:	He was real nice, yeah. 528360_530270
*A:	He is? 529100_529380
*A:	oh that's good. 530730_531360
*A:	&=pop Well that's nice. 533160_533980
*A:	Anders doesn't live with him, does he? 534240_535510
*B:	No um, he's like Nick's friend or something. 536230_538980
*A:	oh. 539830_540220
*B:	Or . 539880_540060
*B:	Mick or what's that guy's . 540320_541600
*B:	May's boyfriend? 541900_542740
*A:	m-. 543850_543960
*B:	I don't kno-. 543920_544410
*A:	Nick. 544130_544560
*A:	yeah Nick. 544730_545360
*B:	yeah . 544910_545150
*B:	and I guess like Nick and May were going to go but they didn't.
*B:	but they asked this guy . 545940_549800
*B:	Mica . 550980_551530
*A:	mhm. 551120_551550
*B:	to come xxx . 551580_552050
*B:	I don't know &=laughs . 552590_553560
*A:	Now do Nettie and Anders live together? 554050_555520
*B:	No &um . 556200_557140
*B:	Anders is living at like on Wesley.
*B:	I don't know if he lived there before. 557480_561280
*A:	Still with that guy Mark. 561170_562180
*B:	Right. 562500_562890
*A:	yeah. 563100_563360
*B:	and &um . 563640_564210
*B:	and Nettie like started living in this place . 564980_567160
*B:	on . 568080_568740
*B:	xxx . 570710_570950
*B:	Girard. 572250_572780
*A:	uhhuh. 573170_573540
*B:	You know h- like going to your house. 573290_574910
*A:	oh okay. 575670_576200
*B:	and &um . 576370_576960
*B:	you know across the street from Jefferson . 577510_579390
*B:	Jefferson Middle School. 579590_580630
*A:	yeah. 581190_581480
*B:	That's going to your house, right? 581610_582670
*A:	yeah. 582870_583180
*B:	She lives right across the street from there. 583660_585200
*A:	oh well that's nice. 585610_586480
*B:	xxx and she lives with somebody named . 586420_588340
*B:	Christine and +/. 588900_590730
*A:	yeah. 591140_591710
*B:	+, Lily or something. 591700_592690
*A:	yeah they were in one of my classes with her. 593130_595350
*B:	mhm. 595810_596120
*A:	I remember.
*A:	Like Christine she's kind of big. 596370_597960
*B:	&=click . 597380_597460
*B:	yeah. 598380_598720
*A:	yeah. 598830_599070
*B:	and then Lily is like has blond hair. 599530_602330
*B:	I don't know if you know her. 602850_603610
*A:	&=click I don't think I know her, but I've heard of her. 603980_605590
*B:	yeah then it's like . 607720_608800
*A:	hm . 607740_607930
*B:	When did she move in there?
*B:	Like in June I think. 609350_611630
*A:	uhhuh. 611990_612340
*A:	Is it nice? 613060_613610
*B:	It's okay, it's kind of gross.
*B:	Like . 614080_616090
*A:	oh &=laughs . 616110_617040
*B:	There's like roaches all over the place and stuff . 616890_618950
*A:	oh+god. 618920_619450
*A:	Nettie would hate that I think. 620300_621450
*B:	yeah she was going like . 621580_622730
*B:	quite crazy. 622920_623750
*A:	&=laughs . 623940_624440
*A:	&=laughs . 625450_625770
*B:	and like I guess the girl who had it before like didn't know how to
	clean like . 625590_629440
*B:	period.
*B:	and it was all gross and stuff. 629840_631860
*A:	uhhuh. 632350_632710
*B:	but they . 633020_633590
*B:	we went . 633810_634240
*B:	on Saturday and they had fit they put new carpet and stuff so . 634430_638390
*A:	mhm. 638800_639190
*B:	I guess it's okay. 639490_640440
*A:	oh.
*A:	Well that's good. 641420_642420
*A:	mm. 644710_645100
*A:	yeah. 646060_646360
*A:	The only person I talk to is Mark Diener. 646670_648490
*B:	&=laughs Ho- how many times have you talked to him? 648960_650930
*A:	He calls every Thursday &=breath . 651290_652700
*B:	Really. 652560_652990
*A:	yeah. 653160_653500
*B:	&=laughs . 653670_653980
*A:	&=breath . 654290_654590
*A:	but he's just so cute, I can't say no. 655080_656990
*B:	&=laughs . 657240_657650
*B:	&=breath . 658090_658360
*A:	He's gotten much better too. 658300_659590
*B:	oh really. 659780_660260
*A:	yeah he doesn't get on my nerves. 660420_661490
*A:	but he gets on my mom's nerves. 662290_663480
*B:	oh really. 663670_664170
*A:	Because when she answers the phone he like wants to talk to her for
	like a half an hour. 664130_667510
*B:	xxx &=static . 667860_668310
*A:	&=static . 668180_668370
*A:	and then she's always like I have to go I have to go &=laughs . 668770_671850
*B:	&=laughs . 671670_673160
*A:	&=static . 672930_673140
*A:	Typical Mark. 673620_674470
*B:	xxx definitely . 675210_675730
*A:	so I I told him that my mom's like afraid of the telephone and she
	doesn't like to talk &=laughs . 675310_680040
*B:	&=laughs &=click &=laughs . 679140_682720
*A:	&=laughs . 680940_681170
*A:	&=laughs . 682070_682670
*A:	but . 684350_684590
*A:	&=lipsmack he's the only one.
*A:	m- . 685780_687250
*B:	&=laughs . 687660_688280
*B:	yeah. 689490_689890
*A:	hm. 690510_690850
*A:	&=lipsmack I- does anyone hang out with Suzy? 692710_694370
*B:	mm, no &=laughs . 694970_696670
*A:	No.
*A:	That's good &=laughs . 696120_697520
*B:	I guess &um . 697050_697790
*B:	I guess little Felipe is staying at your house. 698160_700100
*A:	yeah, I heard that might happen. 701070_702460
*B:	yeah.
*B:	and &um . 702580_703380
*A:	I bet she loves that. 703400_704700
*B:	oh yeah &=breath And every time I ask, because I see him at Kinko's
	all the time . 704970_709240
*A:	&=laughs . 705690_705920
*A:	uhhuh. 709400_709810
*B:	and &um . 710110_710620
*B:	He's like &=click . 712240_712920
*B:	she never leaves the house.
*B:	All she does is bitch &=laughs . 713170_716060
*A:	&=laughs . 715890_717540
*B:	&=clicking . 717650_718620
*A:	&=laughs . 718090_718410
*A:	&=breath But it's so true. 718880_720540
*B:	&=laughs . 720360_721480
*A:	&=laughs . 722100_722900
*B:	He said that she just like goes for a bike ride and then . 723060_725530
*B:	stays home like the rest of the day . 725910_727530
*A:	yeah. 727820_728120
*B:	&=bang . 728070_728220
*A:	Why am I not surprised? 728950_730130
*B:	&=laughs . 730220_731140
*A:	yeah.
*A:	so when I was thinking of who I was going to call, because you know
	this phone call is free. 731320_734800
*B:	&=lipsmack oh it is? 735130_735860
*A:	yeah and I was . 736080_736670
*B:	so we can talk as long as we want. 736990_738340
*A:	and like . 737070_737380
*A:	Well actually it's supposed to turn off in fifteen minutes.
*A:	I think the whole thing is screwy. 738690_742470
*B:	oh. 742710_743100
*A:	but . 744140_744440
*A:	you know my dad was like well why don't you call Suzy.
*A:	and I'm like that is the last person &=laughs that I want to talk
	to. 745120_750040
*B:	&=laughs For fifteen minutes &=laughs . 750270_753230
*A:	&=laughs . 751940_752770
*A:	&=breath I mean I talked to her . 753450_754890
*A:	like . 755430_755650
*A:	three weeks ago . 755960_757040
*A:	and all she did was bitch that I never paid some phone bill. 757490_760190
*A:	Which I did. 761010_761740
*B:	&=static . 761070_761260
*A:	and she just forgot.
*A:	Because she spent the money on something else. 762330_764820
*B:	&=laughs . 765210_766520
*A:	and I was just like, whatever &=laughs . 765960_768020
*A:	She's totally nutsy. 769330_770580
*A:	If she like ends up trying to stay I'm going to have a nervous
	breakdown. 771550_774170
*B:	Well I think she's already determined to leave, isn't she? 774880_777710
*A:	yeah, but see, it's just like her the last minute be too lazy +/. 777860_780960
*B:	Right. 781190_781720
*A:	+, to go through with it. 781700_782560
*A:	yeah, I mean that's just, . 783560_784290
*A:	generally speaking, her personality. 785320_786930
*B:	yeah. 787300_787690
*A:	Because she was telling us she was going to move out last January.
	787850_790110
*B:	mm. 790820_791240
*A:	and she was too lazy to do it. 791520_792820
*A:	so . 794920_795240
*A:	maybe Felipe will drive her out &=laughs . 795650_797510
*A:	&=laughs . 797860_797950
*B:	&=laughs . 798150_798850
*A:	&=laughs . 799170_799480
*A:	&=static . 799920_800030
*A:	oh+god I can't stand her. 802080_803660"
CONVID0000002,"*A:	um, how are you guys?
*A:	How is Chris and how are you &=distortion? 545250_548020
*B:	Well pretty well Chris is not, is not here at the moment.
*B:	She's been away with her class up in North . 547430_552360
*A:	oh. 552110_552570
*B:	up around Blandenburg for about two weeks on a, what they call
	Feldmessen.
*B:	Feldmessen is, um, surveying. 552520_559110
*A:	hm. 559360_559860
*B:	And, uh, so she's been away for two weeks.
*B:	She's coming back tonight. 559950_562330
*A:	ha. 562850_563350
*B:	So we're looking forward to that. 563330_564740
*A:	oh, I'm sorry we're going to miss her.
*A:	yeah, oh gosh.
*A:	I bet you're getting lonely. 563740_566730
*B:	yeah, well Claudia's been here and we've been, we've been doing
	okay. 567790_570290
*A:	mm. 570670_570880
*B:	And I'm actually waiting for Claudia to show up because we're we
	were supposed to go into town and meet some people &=breath . 570860_575780
*B:	in town.
*B:	I've got a student here who's looking to, checking out rooms and
	stuff. 575780_579180
*A:	mm. 579360_579550
*B:	She's coming in the fall, but she was in a place called Taiwa.
*B:	you know Tufts has this sort of . 579361_583180
*A:	yeah. 582930_583490
*B:	sent her to Taiwa she was . 583700_584870
*A:	I had friends there. 584080_585160
*B:	She did a course in Taiwa and then she came over here, and . 585980_588410
*B:	um. 589150_589850
*B:	checked out a room here.
*B:	And so . 590420_591940
*B:	so it's and the end semester is still going.
*B:	Of course it ends on the twenty second of July. 592710_596470
*A:	mhm. 596670_597320
*B:	&=clears:throat So, it's, &uh . 597280_599180
*A:	oh, yeah. 598990_599930
*B:	things are busy &=laughs . 599180_600550
*A:	yeah, gosh. 600430_601700
*B:	yeah. 601680_602120
*A:	you still got another month.
*A:	And then, ar- are you coming over to the States at all this summer?
	601700_605430
*B:	No. 605980_606520
*A:	No. 606560_607060
*B:	No, no.
*B:	uh . 606860_607750
*A:	Not even Chris?
*A:	&=laughs . 607160_608560
*B:	No, no, no.
*B:	uh . 609210_611310
*A:	Not enough relatives left here anymore? 610150_612210
*B:	Well: the relative scene is kind of sad.
*B:	you know everybody's kind of, p- kind of passed away, almost. 612940_617590
*A:	yeah, I remember when I talked to you in the fall . 616740_619760
*B:	yeah.
*B:	yeah. 619030_620640
*A:	that &uh . 620530_621300
*B:	It's just about . 620820_621410
*A:	oh did your sister die? 621430_623010
*B:	My sister passed away, yeah.
*B:	I don't know if you spoke to me before that or when it was that was
	happening.
*B:	Or . 623160_627980
*A:	I guess not . 625250_625750
*A:	When was it? 628390_629250
*B:	xxx . 629230_629440
*A:	It may have been right after. 629920_631150
*B:	Well . 631000_631440
*A:	My father died right after we talked. 631130_633340
*B:	oh+god. 633840_634940
*B:	yeah. 635440_635760
*A:	yeah, we're getting old &=laughs . 635441_636580
*B:	No, it's, I don't know what it is.
*B:	It's just, uh, people get sick, and they get sick pretty young,
	and, . 637150_641870
*A:	yeah. 641970_642700
*B:	And you know my sister wasn't that old and she just . 642550_644660
*B:	just had i- just had bad luck I guess is all you can say. 645890_649060
*A:	yeah. 648330_649120
*A:	I'm going to put you on after fifteen minutes.
*A:	I've got to . 650020_653520
*B:	And there wasn't that much anything anybody could do.
*B:	So.
*B:	And then an aunt of . 650580_654170
*B:	an aunt of Chris's Aunt Mamie up in Maine passed away. 655110_658360
*A:	That, that hadn't happ-, had that happened already? 658130_661280
*B:	No . 659180_659450
*B:	No that had not happened, no.
*B:	She passed away in about March or . 661200_664680
*A:	yeah, I think that there was some concern about her when I talked
	to you in September or October. 665120_670270
*B:	xxx &=distortion. 665620_667080
*B:	yeah. 669350_669690
*B:	No, she's been, she was not doing well.
*B:	She had a brain tumor.
*B:	And then they operated on and things weren't going well, and
	&=breath. 670420_675670
*B:	I actually got to see her I guess a day before she died. 675810_678760
*A:	oh. 678820_679410
*B:	I mean she didn't know, she didn't know that, that I was there.
*B:	She was &=distortion . 679280_681850
*A:	if that was you, yeah. 680970_682580
*B:	yeah, she was just not, not in . 682700_684330
*B:	So it was a blessing, I guess.
*B:	But, um.
*B:	Anyway, weird stuff. 685620_689540
*A:	yeah &=distortion.
*A:	yeah.
*A:	And how about you? 688790_691520
*A:	Because, e- I r-. 692130_692690
*B:	oh I'm han-. 692590_693150
*A:	e- how are your eyes? 693480_694860
*B:	yeah. 693730_694000
*B:	Well, I don't know.
*B:	I have to go next week to see, check out, you know to see again.
*B:	I, . 695780_699630
*B:	um, not exactly convinced that.
*B:	It's okay.
*B:	you know, it's.
*B:	I, I'm not abs-, I'm not sure &=laughs . 700220_707890
*A:	hm. 707460_708040
*B:	uh, it's been been pretty good.
*B:	It was about eighty percent . 707960_710770
*B:	for a while.
*B:	And then I . 711560_713270
*B:	um, I'm not exactly sure what it is now.
*B:	but we- we'll f-, I'll know in a couple of days. 713880_717340
*A:	So are you having blurred vision?
*A:	Or . 717050_719030
*B:	y- oh yeah, yeah.
*B:	Sure.
*B:	The right eye is, is uh, not so great. 719800_724370
*A:	hm. 724930_725270
*B:	um, and it was, it w- got back to about eighty percent.
*B:	you know it was, it w-, I w- was a d- detached retina. 725060_729540
*A:	Right. 729770_730330
*B:	And then they operated on it once, and they operated on it twice.
*B:	And, then it w- things seemed seems to be seemed to be doing pretty
	well, and at the moment I'm a little, um, not quite so sure.
*B:	&=clears:throat . 731020_741850
*A:	hm. 742010_742260
*B:	So, who knows.
*B:	um. 742100_743810
*A:	hm. 744080_744310
*B:	but you know it'll never be more than about seventy or eighty
	percent.
*B:	Which is fine.
*B:	Eighty percent is fantastic. 744180_748560
*A:	Right. 747640_748330
*A:	Right. 749170_749710
*B:	um . 749210_749730
*B:	So we'll just we'll just see.
*B:	you know w- xxx . 750710_753320
*A:	hm. 752650_753210
*B:	we'll see what happens. 753420_754150
*A:	Frustrating. 754420_755300
*B:	uh, yeah.
*B:	Annoying.
*B:	And that thing that came up recently, am-, you know I had, oh, a
	kind_of a knee problem a couple of years ago.
*B:	And my right knee, and now it's my left knee.
*B:	It's just, you know, it's just a pain in the ass.
*B:	And . 755820_765950
*A:	yeah. 765910_766660
*B:	um, I went to the doctor and they, they do a Punkt . 766580_770210
*B:	Punktion.
*B:	Ich@s:deu weiss@s:deu nicht@s:deu wer@s:deu xxx .
*B:	Anyway they take liqu-, &uh fluid out of it. 771500_775340
*A:	uhhuh. 775440_775960
*B:	And if it it gets irritated and take some pills and stuff.
*B:	And, it's just a pain in the ass. 775441_780530
*A:	So it's just, I Is it, is that like water on the knee?
*A:	Is that what that is? 779720_783330
*B:	um, well that's what happens.
*B:	It develops because of irritation, because of a um, inflammation. 783180_788640
*A:	hm.
*A:	Is that from the running? 788940_790190
*B:	And how the inflammation d-. 789460_790420
*B:	yeah, maybe.
*B:	I e- mean they they they don't know. 791880_794340
*A:	mhm. 794750_795440
*B:	They don't . 794820_795030
*B:	xxx It just came overnight practically. 795760_797700
*A:	Wow. 797900_798400
*B:	um, and uh, we'd been up in Berlin and we had a big trip up there
	and did a_lot_of, a_lot_of walking, a_lot_of fast walking and stuff.
*B:	but that, you know, I mean that's &=breath shouldn't be &=laughs .
	798430_806750
*A:	mhm. 806770_807330
*B:	shouldn't be a big deal.
*B:	um . 807140_809040
*A:	Was this last crop of Tuft- Tuftees good? 809400_812340
*B:	So. 809940_810350
*A:	Was your last crop of students from Tufts good? 813500_815740
*B:	How's that? 813880_814380
*B:	yeah well they're still here. 816670_817610
*A:	Right, but they're winding down, so you know them really well by
	this point. 818110_821070
*B:	They're winding down.
*B:	yeah, they're very good.
*B:	They learned, they learned a_lot_of German.
*B:	They learned an amazing amount of German.
*B:	Before I forget, I saw George Silinas a couple of days ago. 819990_826910
*A:	oh.
*A:	How's he doing? 825890_828310
*B:	And he's had . 827810_828480
*B:	Well he's working for an American firm over here, and he's doing
	very very well.
*B:	um, and his wife just had their fourth child. 829400_835670
*A:	Wow. 835800_836630
*B:	A little boy Benjamin.
*B:	yeah. 836340_838150
*A:	Wow. 838510_839220
*B:	um, about, uh, t- two weeks ago maybe. 838820_842100
*A:	huh. 842120_842640
*B:	Tops. 842330_842850
*B:	And I got a card from, you remember Amy Gleason? 843760_846200
*A:	yeah. 846100_846600
*B:	yeah.
*B:	Well she just had a baby a couple of . 847250_849270
*B:	xxx . 849620_850440
*A:	heard that. 850630_851500
*B:	Well this is this is number two. 851380_852650
*A:	okay.
*A:	I just got a card from Ron and Doris, . 852880_855690
*B:	oh. 856320_856760
*A:	and they see Amy Gleason on occasion.
*A:	And so I think they told me that. 856320_860550
*B:	yeah. 859470_859890
*A:	Have you heard from Ron and Doris? 860910_862430
*B:	Not in a while, no. 863100_863970
*A:	They are now living in Rhode Island.
*A:	you probably knew that. 863930_866580
*B:	Well.
*B:	yeah.
*B:	And she's teaching at U R I. 866480_868620
*A:	yeah.
*A:	And it was a very nice letter, because it sounded like she went
	through very similar things that I did.
*A:	you know, I went from Chicago to U C S G to here. 868520_876840
*B:	Right. 876630_876970
*A:	And it's just such an intellectual leftd- letdown. 876990_880070
*B:	Right. 877800_877990
*A:	And she went from Penn to, &um . 880490_883180
*B:	To Columbia. 882780_883620
*A:	to Columbia to U R I. 883560_885370
*B:	Well Columbia's okay. 884100_884870
*B:	yeah. 885850_886250
*A:	And she said the students are just, you know, they don't care, and
	they're not very good, and all of a sudden she's getting conference
	papers rejected and she thinks it's the affiliation. 885851_895400
*B:	yeah. 891380_891650
*A:	Because she doesn't think the quality of her work has changed.
*A:	Now I haven't submitted a conference paper with the Missouri . 895860_901490
*A:	um, you know, w- affiliation yet.
*A:	Because the last one I submitted, um, was in the fall, and I still
	had my San Diego affiliation. 902220_910600
*B:	yeah. 911230_911730
*A:	um, in fact I'm still officially on leave. 911290_913920
*B:	&=laughs:breath . 914190_914480
*A:	If anything came up in the next year we could still go back. 914191_916490
*B:	uhhuh. 915610_915920
*A:	uh you know, for Sam. 917150_918150
*B:	Wow. 917260_917800
*A:	but I think it's e- very very very very . 918240_921050
*B:	yeah.
*B:	&=laughs:breath . 921050_921600
*A:	unlikely. 921220_921890
*B:	yeah.
*B:	&=laughs:breath . 922430_922890
*A:	but at any rate it was nice to hear from her because she said after
	two years there now, she &um has come to terms with this, and . 922430_931710
*B:	yeah. 932090_932420
*A:	she's accepted that there's a_lot_of good things in Rhode Island.
*A:	And, um, you know e-, their life is a_lot less complicated, and she
	has more time to be a parent. 932091_942180
*B:	yeah. 941010_941280
*B:	Good. 942950_943450
*A:	And she's just not going to have the same kind of career that she
	had thought about Ron is working as a financial consultant for, um,
	Meryl Lynch. 942951_951630
*A:	And he . 951960_952670
*B:	oh. 952420_952880
*A:	yeah, he had been doing work for some environmental firm, as a
	consultant. 953150_958220
*B:	uhhuh. 958650_959050
*A:	And, it didn't work out.
*A:	He, &um . 958990_961850
*A:	He was changing projects every couple of weeks and he said he
	couldn't keep on top of it.
*A:	He couldn't learn the whole new area . 962680_970210
*B:	mm. 968710_969000
*A:	that fast each time. 970350_971940
*B:	mm. 971230_971420
*A:	um, and he says he went in and had some tests, and he was diagnosed
	as having attention deficit disorder.
*A:	Which . 972460_979470
*A:	you know, given how he's how far he's gotten, you know, he got his
	degree at Tufts and all, I found that surprising that for the first
	time as an adult they're diagnosing this.
*A:	um . 980180_989560
*B:	mm.
*B:	I wonder about it.
*B:	but anyway. 989420_991860
*A:	yeah, but that's what he said.
*A:	And &um . 991750_994650
*B:	yeah. 994190_994460
*A:	He &um . 995210_996590
*B:	Whatever's helpful. 996510_997610
*A:	Right.
*A:	So he found this new job as a financial consultant and seems to be
	happy with that. 997400_1002550
*B:	Good. 1003140_1003450
*A:	And then we saw Leo and Julie at Christmas time. 1003141_1006270
*B:	uhhuh. 1005450_1006000
*A:	And they're doing great.
*A:	um, they had just moved to . 1006700_1009850
*B:	He's in New_York now, right? 1009250_1010580
*A:	a really nice house in Westchester.
*A:	yeah, an o-. 1010190_1013550
*B:	Good. 1013380_1013610
*A:	an older home that you know Julie is of course carving up and
	making beautiful.
*A:	um . 1013520_1018570
*B:	uhhuh. 1018150_1018400
*A:	Now she had a job with an architectural group when she first got
	out to New_York, and that didn't work out.
*A:	She said they had her doing things that she really wasn't qualified
	to do . 1018680_1029750
*B:	ah. 1030380_1030630
*A:	and that she d- really didn't feel competent doing.
*A:	And, they mutually agreed that she should leave. 1030381_1035550
*B:	&=laughs . 1036439_1036990
*A:	And so she was looking for another job.
*A:	And, um, I'm sure she'll find one.
*A:	She's so talented.
*A:	She may have found one by now.
*A:	um . 1036440_1043990
*B:	yeah, oh yeah.
*B:	Amazing, yeah. 1042660_1044329
*A:	yeah, and so we met, um, &=lipsmack &uh Adrian, their kid, who was
	three . 1044890_1050420
*B:	uhhuh. 1049900_1050350
*A:	and just a really lovely little boy. 1050480_1052610
*B:	right yeah . 1053230_1053850
*A:	He's so big &=laughs . 1053231_1055460
*B:	Well, it-, &uh Leo's, Leo's big. 1055570_1057780
*A:	you know, he's he's got Leo's genes.
*A:	yeah. 1055571_1058450
*B:	yeah. 1058300_1058650
*A:	&=laughs And &uh Ron and Doris sent us a picture of theirs and he
	has Ron's expressions.
*A:	He really looks like Ron. 1058550_1064720
*B:	oh that's life. 1065160_1066180
*A:	um, and he looked really big too.
*A:	In this picture, he's three and a half. 1065310_1068920
*B:	yeah.
*B:	huh. 1067770_1069080
*A:	um, but Leo and Julie just seemed, &um . 1069850_1072340
*A:	sort of happy with the decisions they've made.
*A:	And . 1073090_1076260
*B:	Good. 1076530_1077050
*A:	um, like every xxx . 1076970_1078590
*B:	Whe-, now is he with a publishing house now?
*B:	Which one is he with. 1077630_1080220
*A:	Yes which one &um . 1079320_1081810
*B:	Well I can xxx yeah It's one of these sort of universi- the public
	university book stuff. 1082200_1085680
*A:	It might be a Hard Core Brace.
*A:	I'm not sure. 1084640_1087250
*B:	oh yeah. 1087530_1088760
*A:	I have two friends in publishing. 1088690_1090670
*A:	It may be the other one that just took the job with Hard Core Brace
	. 1091750_1094950
*A:	I don't remember which one. 1096580_1098090
*B:	yeah.
*B:	Anyway, he's he's enjoying it and liking it and they're doing okay.
	1097920_1102230
*A:	yeah he seems to feel really like he's doing the right thing and he
	is . 1101950_1106530
*B:	Great . 1106720_1107150
*A:	still in academic publishing.
*A:	My other friend just moved to trade publishing after years in
	academic publishing and . 1106721_1112480
*B:	mhm . 1110500_1112690
*A:	um you know.
*A:	It feels like maybe she made a compromise but it's like three times
	the money as with everything else so . 1112580_1118210
*B:	wow wow &=lipsmack &=lipsmack &=lipsmack &=lipsmack &=lipsmack . 1117950_1121160
*A:	industry and academics &=laughs &um . 1118210_1121580
*B:	Terrible . 1121950_1122620
*A:	yeah it's amazing and &um . 1122360_1125230
*A:	you know ages ago I got a card from Liz Gana.
*A:	I told you this. 1125310_1129350
*A:	because &uh you showed us her picture. 1129420_1131920
*B:	yeah yeah Crazy . 1130960_1133380
*A:	um and I keep thinking maybe I'd get in touch but I haven't done
	it. 1132760_1136770
*A:	and then I saw in the &um Tufts thing that Ginny Totta is living
	you_know in the alumni thing is living in the . 1136800_1142860
*B:	yeah . 1142710_1143070"
